{"data_time": 0.002959454996016575, "eta_seconds": 828.041370040155, "fast_rcnn/cls_accuracy": 0.734375, "fast_rcnn/false_negative": 0.9375, "fast_rcnn/fg_cls_accuracy": 0.0, "iteration": 19, "loss_box_reg": 0.8976769149303436, "loss_cls": 0.9330436289310455, "loss_mask": 0.6524008810520172, "loss_rpn_cls": 0.0234477324411273, "loss_rpn_loc": 0.03177748527377844, "lr": 0.0001, "mask_rcnn/accuracy": 0.7693718112244898, "mask_rcnn/false_negative": 0.03280985043871995, "mask_rcnn/false_positive": 0.8194540085975115, "roi_head/num_bg_samples": 24.0, "roi_head/num_fg_samples": 8.0, "rpn/num_neg_anchors": 227.5, "rpn/num_pos_anchors": 28.5, "time": 10.350517125501938, "total_loss": 2.710900233592838}
{"data_time": 0.003046337002160726, "eta_seconds": 621.0310275301163, "fast_rcnn/cls_accuracy": 0.75, "fast_rcnn/false_negative": 1.0, "fast_rcnn/fg_cls_accuracy": 0.0, "iteration": 39, "loss_box_reg": 0.8971406817436218, "loss_cls": 0.5127767324447632, "loss_mask": 0.4742646664381027, "loss_rpn_cls": 0.0010050210694316775, "loss_rpn_loc": 0.017721882089972496, "lr": 0.0001, "mask_rcnn/accuracy": 0.8147321428571428, "mask_rcnn/false_negative": 0.043969654836134874, "mask_rcnn/false_positive": 0.5485221550885466, "roi_head/num_bg_samples": 24.0, "roi_head/num_fg_samples": 8.0, "rpn/num_neg_anchors": 227.0, "rpn/num_pos_anchors": 29.0, "time": 10.383026206000068, "total_loss": 1.9183413407299668}
{"data_time": 0.003177371501806192, "eta_seconds": 412.9789848200744, "fast_rcnn/cls_accuracy": 0.765625, "fast_rcnn/false_negative": 0.9375, "fast_rcnn/fg_cls_accuracy": 0.0625, "iteration": 59, "loss_box_reg": 0.8730515837669373, "loss_cls": 0.40405938029289246, "loss_mask": 0.351833775639534, "loss_rpn_cls": 0.001736141974106431, "loss_rpn_loc": 0.015656597912311554, "lr": 0.0001, "mask_rcnn/accuracy": 0.8595344387755102, "mask_rcnn/false_negative": 0.05724270346427066, "mask_rcnn/false_positive": 0.39388427278420507, "roi_head/num_bg_samples": 24.0, "roi_head/num_fg_samples": 8.0, "rpn/num_neg_anchors": 226.25, "rpn/num_pos_anchors": 29.75, "time": 10.259066763501323, "total_loss": 1.6704628728330135}
{"data_time": 0.003953200499381637, "eta_seconds": 210.92367939992982, "fast_rcnn/cls_accuracy": 0.8828125, "fast_rcnn/false_negative": 0.4375, "fast_rcnn/fg_cls_accuracy": 0.5625, "iteration": 79, "loss_box_reg": 0.8203101754188538, "loss_cls": 0.3428066223859787, "loss_mask": 0.3103635311126709, "loss_rpn_cls": 0.003392026643268764, "loss_rpn_loc": 0.016039999667555094, "lr": 0.0001, "mask_rcnn/accuracy": 0.872329400510204, "mask_rcnn/false_negative": 0.07022467484382262, "mask_rcnn/false_positive": 0.2574794510890025, "roi_head/num_bg_samples": 24.0, "roi_head/num_fg_samples": 8.0, "rpn/num_neg_anchors": 225.0, "rpn/num_pos_anchors": 31.0, "time": 11.828148951997719, "total_loss": 1.4793028974090703}
{"data_time": 0.0032772039994597435, "eta_seconds": 0.0, "fast_rcnn/cls_accuracy": 0.9375, "fast_rcnn/false_negative": 0.1875, "fast_rcnn/fg_cls_accuracy": 0.8125, "iteration": 99, "loss_box_reg": 0.6785756945610046, "loss_cls": 0.23105741292238235, "loss_mask": 0.2484063282608986, "loss_rpn_cls": 0.003955360734835267, "loss_rpn_loc": 0.014585771597921848, "lr": 0.0001, "mask_rcnn/accuracy": 0.9180484693877551, "mask_rcnn/false_negative": 0.07604073430865002, "mask_rcnn/false_positive": 0.07046501435269664, "roi_head/num_bg_samples": 24.0, "roi_head/num_fg_samples": 8.0, "rpn/num_neg_anchors": 225.0, "rpn/num_pos_anchors": 31.0, "time": 11.642223970004125, "total_loss": 1.1715685104427394}
